{"name":"t:sections.footer.name","type":"footer","sections":{"promotional_offers_3dgL3k":{"type":"promotional-offers","blocks":{"promotion_offers_AG4wmC":{"type":"promotion_offers","settings":{"offer_title":"Free delivery","offer_content":"On all orders over $69","offer_icon":"shopify:\/\/shop_images\/free_delivery.png"}},"promotion_offers_dUzaEL":{"type":"promotion_offers","settings":{"offer_title":"Get 25% Off","offer_content":"If you buy 2 or more","offer_icon":"shopify:\/\/shop_images\/discount.png"}},"promotion_offers_g36jXJ":{"type":"promotion_offers","settings":{"offer_title":"14-day money back","offer_content":"Guarantee on all products","offer_icon":"shopify:\/\/shop_images\/money_back.png"}}},"block_order":["promotion_offers_AG4wmC","promotion_offers_dUzaEL","promotion_offers_g36jXJ"],"settings":{"background_color":"#f1f1f1","offer_heading_size":"h3","offer_to_show":"3","offer_layout":"offer_layout1"}},"footer":{"type":"footer","blocks":{"e124ac2e-cc03-494d-b51d-02d6c012c61b":{"type":"brand_information","settings":{"show_social":false}},"dfd2a243-736c-4508-bf92-61b35591a20d":{"type":"link_list","settings":{"heading":"Categories","menu":"main-menu"}},"b14cfd76-7003-4c2e-ae27-a391b3b746ab":{"type":"link_list","settings":{"heading":"Terms and conditions","menu":"footer"}},"851d2452-f993-484e-b3d2-4c5fe2e98301":{"type":"text","settings":{"heading":"Need help buying?","subtext":"<p>We can be reached every day between 7:00 and 15:00<\/p>"}}},"block_order":["e124ac2e-cc03-494d-b51d-02d6c012c61b","dfd2a243-736c-4508-bf92-61b35591a20d","b14cfd76-7003-4c2e-ae27-a391b3b746ab","851d2452-f993-484e-b3d2-4c5fe2e98301"],"settings":{"color_scheme":"accent-2","newsletter_enable":false,"newsletter_heading":"Subscribe to our emails","enable_follow_on_shop":false,"show_social":false,"enable_country_selector":false,"enable_language_selector":false,"payment_enable":false,"show_policy":false,"margin_top":0,"padding_top":0,"padding_bottom":0,"footer_bottom_background":"#0e1467"}}},"order":["promotional_offers_3dgL3k","footer"]}