{"name":"t:sections.header.name","type":"header","sections":{"header":{"type":"header","settings":{"logo_position":"top-left","menu":"main-menu","menu_type_desktop":"dropdown","sticky_header_type":"on-scroll-up","show_line_separator":false,"color_scheme":"background-1","menu_color_scheme":"background-1","enable_country_selector":false,"enable_language_selector":false,"mobile_logo_position":"left","margin_bottom":0,"padding_top":20,"padding_bottom":0}},"announcement-bar":{"type":"announcement-bar","blocks":{"announcement-bar-0":{"type":"announcement","settings":{"text":"30% discount for this week","link":""}}},"block_order":["announcement-bar-0"],"settings":{"color_scheme":"accent-2","show_line_separator":true,"show_social":false,"auto_rotate":false,"change_slides_speed":5,"enable_country_selector":false,"enable_language_selector":false}}},"order":["header","announcement-bar"]}