{"sections":{"cart-items":{"type":"main-cart-items","settings":{"color_scheme":"background-1","padding_top":36,"padding_bottom":36}},"cart-footer":{"type":"main-cart-footer","blocks":{"subtotal":{"type":"subtotal","settings":{}},"buttons":{"type":"buttons","settings":{}}},"block_order":["subtotal","buttons"],"settings":{"color_scheme":"background-1","padding_top":20,"padding_bottom":40}},"17079134998d6a29f1":{"type":"apps","blocks":{"selleasy_lb_upsell_addon_block_9EEgfA":{"type":"shopify:\/\/apps\/selleasy\/blocks\/lb-upsell-addon-block\/790c1a03-a71f-4bc1-9869-00dad526d3c2","settings":{}}},"block_order":["selleasy_lb_upsell_addon_block_9EEgfA"],"settings":{"include_margins":true}}},"order":["cart-items","cart-footer","17079134998d6a29f1"]}