{"sections":{"image_banner":{"type":"image-banner","blocks":{"heading":{"type":"heading","settings":{"heading":"Catchy headline \u2028goes here!","heading_size":"h0"}},"0f57c708-8adb-4877-9711-42cd9f822fad":{"type":"text","settings":{"text":"At [Test], we offer [Unique Benefit] for [Target Audience] by [Differentiator]. Our [Product\/Service] combines [Key Features] with [Key Benefits] to provide [Ultimate Result].","text_style":"subtitle"}},"button":{"type":"buttons","settings":{"button_label_1":"Shop our best-sellers","button_link_1":"shopify:\/\/collections\/ipads-tablets","button_style_secondary_1":false,"button_badge_1":"","button_label_2":"See products on Sale","button_link_2":"shopify:\/\/collections\/all","button_style_secondary_2":true,"button_badge_2":"40% Off"}}},"block_order":["heading","0f57c708-8adb-4877-9711-42cd9f822fad","button"],"settings":{"image":"shopify:\/\/shop_images\/banner-img.png","image_overlay_opacity":0,"image_height":"medium","desktop_content_position":"middle-left","show_text_box":false,"desktop_content_alignment":"left","color_scheme":"inverse","image_behavior":"none","mobile_content_alignment":"center","stack_images_on_mobile":false,"show_text_below":false}},"promotional_offers_LPrX9z":{"type":"promotional-offers","blocks":{"promotion_offers_T3Xiaj":{"type":"promotion_offers","settings":{"offer_title":"Free delivery","offer_content":"On all orders over $69","offer_icon":"shopify:\/\/shop_images\/free_delivery.png"}},"promotion_offers_eFaWbe":{"type":"promotion_offers","settings":{"offer_title":"Get 25% Off","offer_content":"If you buy 2 or more","offer_icon":"shopify:\/\/shop_images\/discount.png"}},"promotion_offers_zU9NYx":{"type":"promotion_offers","settings":{"offer_title":"14-day money back","offer_content":"Guarantee on all products","offer_icon":"shopify:\/\/shop_images\/money_back.png"}}},"block_order":["promotion_offers_T3Xiaj","promotion_offers_eFaWbe","promotion_offers_zU9NYx"],"settings":{"background_color":"#f4f6f8","offer_heading_size":"h3","offer_to_show":"3","offer_layout":"offer_layout1"}},"collage_QN884W":{"type":"collage","blocks":{"collection_NgcwNz":{"type":"collection","settings":{"collection":"frontpage","show_button":false}},"collection_KAD4At":{"type":"collection","settings":{"collection":"ipads-tablets","show_button":false}},"collection_9pQG4H":{"type":"collection","settings":{"collection":"tv-video","show_button":false}}},"block_order":["collection_NgcwNz","collection_KAD4At","collection_9pQG4H"],"settings":{"heading":"","heading_size":"h1","subheading_size":"h3","column_layout":"two","desktop_layout":"left","mobile_layout":"column","card_styles":"product-card-wrapper","color_scheme":"background-1","padding_top":0,"padding_bottom":0,"button_color":"#1722ab"}},"category_slider_rB3wAy":{"type":"category-slider","blocks":{"collection_VnMQbW":{"type":"collection","settings":{"collection":"frontpage"}},"collection_YyPgfG":{"type":"collection","settings":{"collection":"ipads-tablets"}},"collection_hfBnJ8":{"type":"collection","settings":{"collection":"frontpage"}},"collection_VD4Ay4":{"type":"collection","settings":{"collection":"ipads-tablets"}},"collection_qXByE9":{"type":"collection","settings":{"collection":"frontpage","collection_icon":"shopify:\/\/shop_images\/category-icon.svg","collection_hover_icon":"shopify:\/\/shop_images\/category-2.svg"}},"collection_X84kdb":{"type":"collection","settings":{"collection":"ipads-tablets"}},"collection_i7FLDE":{"type":"collection","settings":{"collection":"frontpage"}},"collection_i8LeKD":{"type":"collection","settings":{"collection":"ipads-tablets"}}},"block_order":["collection_VnMQbW","collection_YyPgfG","collection_hfBnJ8","collection_VD4Ay4","collection_qXByE9","collection_X84kdb","collection_i7FLDE","collection_i8LeKD"],"settings":{"browse_category_heading":"Browse by Category","heading_size":"h1"}},"featured_collection":{"type":"featured-collection","settings":{"title":"Shop by best-sellers","heading_size":"h1","description":"","show_description":false,"description_style":"body","collection":"all","products_to_show":8,"columns_desktop":4,"full_width":false,"show_view_all":false,"view_all_style":"solid","enable_desktop_slider":true,"color_scheme":"background-2","image_ratio":"square","image_shape":"default","show_secondary_image":true,"show_vendor":false,"show_rating":false,"enable_quick_add":false,"columns_mobile":"2","swipe_on_mobile":false,"padding_top":0,"padding_bottom":0}},"collage_CxwgfD":{"type":"collage","blocks":{"product_xdhfEX":{"type":"product","settings":{"product":"demo-product","second_image":false}},"product_kDHw6L":{"type":"product","settings":{"product":"test-shirt","second_image":false}},"product_FReR3H":{"type":"product","settings":{"product":"demo-product","second_image":false}},"product_6hexrB":{"type":"product","settings":{"product":"demo-product","second_image":false}},"product_qEqWG8":{"type":"product","settings":{"product":"test-shirt","second_image":false}}},"block_order":["product_xdhfEX","product_kDHw6L","product_FReR3H","product_6hexrB","product_qEqWG8"],"settings":{"heading":"Shop the most profitable category in details","heading_size":"h1","subheading_size":"h4","column_layout":"3","desktop_layout":"left","mobile_layout":"column","card_styles":"product-card-wrapper","color_scheme":"","padding_top":0,"padding_bottom":0,"button_color":""}},"related_products_gyi3Rr":{"type":"related-products","settings":{"heading":"Recently reviewed products","heading_size":"h1","products_to_show":4,"columns_desktop":3,"color_scheme":"","image_ratio":"adapt","image_shape":"default","show_secondary_image":true,"show_vendor":false,"show_rating":true,"columns_mobile":"2","padding_top":36,"padding_bottom":36}},"shop_brand_HjK9Q3":{"type":"shop-brand","blocks":{"brand_hJ4cR9":{"type":"brand","settings":{"brand_name":"Louis Vuitton","brand_link":"#","brand_heading_size":"h4"}},"brand_cxPBnQ":{"type":"brand","settings":{"brand_name":"Louis Vuitton","brand_link":"#","brand_heading_size":"h4"}},"brand_bHNJCN":{"type":"brand","settings":{"brand_name":"Louis Vuitton","brand_link":"#","brand_heading_size":"h4"}},"brand_fTFQTD":{"type":"brand","settings":{"brand_name":"Louis Vuitton","brand_link":"#","brand_heading_size":"h4"}},"brand_TQTGj3":{"type":"brand","settings":{"brand_name":"Louis Vuitton","brand_link":"#","brand_heading_size":"h4"}},"brand_DNUYm4":{"type":"brand","settings":{"brand_name":"Louis Vuitton","brand_link":"#","brand_heading_size":"h4"}},"brand_bYBEY3":{"type":"brand","settings":{"brand_name":"Louis Vuitton","brand_link":"#","brand_heading_size":"h4"}},"brand_iwmUbN":{"type":"brand","settings":{"brand_name":"Louis Vuitton","brand_link":"#","brand_heading_size":"h4"}}},"block_order":["brand_hJ4cR9","brand_cxPBnQ","brand_bHNJCN","brand_fTFQTD","brand_TQTGj3","brand_DNUYm4","brand_bYBEY3","brand_iwmUbN"],"settings":{"heading":"Shop by brand","short_content":"","background-color":"#f5f7fb","heading_size":"h1","text_align":"center"}},"featured_blog_nx3dP6":{"type":"featured-blog","settings":{"heading":"Recent blog posts","content":"Where you showcase case-studies, people stories, advice how to use your products, etc.","heading_size":"h1","blog":"news","post_limit":6,"columns_desktop":3,"color_scheme":"","show_image":true,"show_date":false,"show_author":false,"show_view_all":false,"padding_top":0,"padding_bottom":0}}},"order":["image_banner","promotional_offers_LPrX9z","collage_QN884W","category_slider_rB3wAy","featured_collection","collage_CxwgfD","related_products_gyi3Rr","shop_brand_HjK9Q3","featured_blog_nx3dP6"]}