{"sections":{"main":{"type":"main-page","disabled":true,"settings":{"padding_top":28,"padding_bottom":28}},"header_landing_zMDB4e":{"type":"header-landing","settings":{"logo_position":"middle-left","menu":"main-menu","menu_type_desktop":"dropdown","sticky_header_type":"on-scroll-up","show_line_separator":true,"color_scheme":"","menu_color_scheme":"","enable_country_selector":false,"enable_language_selector":false,"mobile_logo_position":"left","margin_bottom":0,"padding_top":20,"padding_bottom":20}},"announcement_bar_PQcXgz":{"type":"announcement-bar","blocks":{"announcement_ThXdMb":{"type":"announcement","settings":{"text":"30% discount for this week","link":""}}},"block_order":["announcement_ThXdMb"],"settings":{"color_scheme":"accent-2","show_line_separator":true,"show_social":false,"auto_rotate":false,"change_slides_speed":5,"enable_country_selector":false,"enable_language_selector":false}},"main_product_TbnDk8":{"type":"main-product","blocks":{"judge_me_reviews_all_reviews_text_4ULw3w":{"type":"shopify:\/\/apps\/judge-me-reviews\/blocks\/all_reviews_text\/61ccd3b1-a9f2-4160-9fe9-4fec8413e5d8","settings":{}},"judge_me_reviews_preview_badge_homepage_YJeiVf":{"type":"shopify:\/\/apps\/judge-me-reviews\/blocks\/preview_badge_homepage\/61ccd3b1-a9f2-4160-9fe9-4fec8413e5d8","disabled":true,"settings":{"product":"black-leather-bag"}},"title_FQaeGV":{"type":"title","settings":{}},"description_w7dW9X":{"type":"description","settings":{}},"buy_buttons_6B8TT3":{"type":"buy_buttons","disabled":true,"settings":{"show_dynamic_checkout":true,"show_gift_card_recipient":true}},"judge_me_reviews_featured_carousel_wEpmQk":{"type":"shopify:\/\/apps\/judge-me-reviews\/blocks\/featured_carousel\/61ccd3b1-a9f2-4160-9fe9-4fec8413e5d8","settings":{"maxwidth":1080}},"custom_buttons_6KVBDz":{"type":"custom_buttons","settings":{"custom_button_first":"Buy the product now","custom_button_second":"Watch how it works","custom_button_first_url":"https:\/\/yakov2019.myshopify.com\/products\/black-leather-bag","custom_button_second_url":"#","first_button_bg":"#101878","second_button_bg":"#ffffff","custom_button_icon_1":"cart","custom_button_icon_2":"play"}}},"block_order":["judge_me_reviews_all_reviews_text_4ULw3w","judge_me_reviews_preview_badge_homepage_YJeiVf","title_FQaeGV","description_w7dW9X","buy_buttons_6B8TT3","judge_me_reviews_featured_carousel_wEpmQk","custom_buttons_6KVBDz"],"settings":{"enable_sticky_info":false,"color_scheme":"","media_size":"small","constrain_to_viewport":false,"media_fit":"cover","gallery_layout":"thumbnail_slider","media_position":"right","image_zoom":"lightbox","mobile_thumbnails":"hide","hide_variants":true,"enable_video_looping":false,"padding_top":36,"padding_bottom":36,"stock_alert":true,"stock_alert_color":"#ff6c22"}},"shop_brand_YAd3cf":{"type":"shop-brand","blocks":{"brand_gDgJQm":{"type":"brand","settings":{"brand_name":"","brand_link":"#","brand_image":"shopify:\/\/shop_images\/Mask_group.png","brand_heading_size":"h4"}},"brand_hkFNtN":{"type":"brand","settings":{"brand_name":"","brand_link":"#","brand_image":"shopify:\/\/shop_images\/Mask_group_2.png","brand_heading_size":"h4"}},"brand_BfFREt":{"type":"brand","settings":{"brand_name":"","brand_link":"#","brand_image":"shopify:\/\/shop_images\/Mask_group_1.png","brand_heading_size":"h4"}},"brand_WXCHWx":{"type":"brand","settings":{"brand_name":"","brand_link":"#","brand_image":"shopify:\/\/shop_images\/Mask_group_3.png","brand_heading_size":"h4"}},"brand_bfzTew":{"type":"brand","settings":{"brand_name":"","brand_link":"#","brand_image":"shopify:\/\/shop_images\/Mask_group_4.png","brand_heading_size":"h4"}}},"block_order":["brand_gDgJQm","brand_hkFNtN","brand_BfFREt","brand_WXCHWx","brand_bfzTew"],"settings":{"heading":"As seen on","short_content":"","background-color":"","heading_size":"h3","text_align":"center"}},"promotional_offers_WaMHeC":{"type":"promotional-offers","blocks":{"promotion_offers_wTWcmz":{"type":"promotion_offers","settings":{"offer_title":"Free delivery","offer_content":"On all orders over $69","offer_icon":"shopify:\/\/shop_images\/free_delivery.png"}},"promotion_offers_4pj3DP":{"type":"promotion_offers","settings":{"offer_title":"Get 25% Off","offer_content":"If you buy 2 or more","offer_icon":"shopify:\/\/shop_images\/discount.png"}},"promotion_offers_JicBLp":{"type":"promotion_offers","settings":{"offer_title":"14-day money back","offer_content":"Guarantee on all products","offer_icon":"shopify:\/\/shop_images\/money_back.png"}}},"block_order":["promotion_offers_wTWcmz","promotion_offers_4pj3DP","promotion_offers_JicBLp"],"settings":{"background_color":"#f4f6f8","offer_heading_size":"h3","offer_to_show":"3","offer_layout":"offer_layout1"}},"rich_text_WgVtEc":{"type":"rich-text","blocks":{"heading_dWxqeY":{"type":"heading","settings":{"heading":"Start with why your product is important and why your customers should care.","heading_size":"h1"}},"text_ppHgGK":{"type":"text","settings":{"text":"<p>Paint a picture of the problem your product solves and how it can improve their lives.<\/p>"}}},"block_order":["heading_dWxqeY","text_ppHgGK"],"settings":{"desktop_content_position":"center","content_alignment":"center","color_scheme":"","full_width":true,"padding_top":40,"padding_bottom":52}},"multicolumn_Hyddhr":{"type":"multicolumn","blocks":{"column_N9FYFH":{"type":"column","settings":{"image":"shopify:\/\/shop_images\/front-view-skin-care-product-wooden-decorative-piece_1_3.png","title":"Highlight the key benefits of your product","text":"<p>Use bullet points or short sentences to make it easy to read.<\/p>","link_label":"","link":""}},"column_Y4icDU":{"type":"column","settings":{"image":"shopify:\/\/shop_images\/front-view-skin-care-product-wooden-decorative-piece_1_2.png","title":"Highlight the key benefits of your product","text":"<p>Use bullet points or short sentences to make it easy to read.<\/p>","link_label":"","link":""}},"column_zVwYT3":{"type":"column","settings":{"image":"shopify:\/\/shop_images\/front-view-skin-care-product-wooden-decorative-piece_1_1.png","title":"Highlight the key benefits of your product","text":"<p>Use bullet points or short sentences to make it easy to read.<\/p>","link_label":"","link":""}}},"block_order":["column_N9FYFH","column_Y4icDU","column_zVwYT3"],"settings":{"title":"","heading_size":"h1","image_width":"half","image_ratio":"square","columns_desktop":3,"column_alignment":"center","background_style":"none","button_label":"Buy the product now","button_link":"shopify:\/\/products\/black-leather-bag","color_scheme":"","columns_mobile":"1","swipe_on_mobile":false,"padding_top":0,"padding_bottom":0}},"product_promotion_GxxcPB":{"type":"product-promotion","blocks":{"columns_bcnkXX":{"type":"columns","settings":{"column_title":"300 grams","column_content":"Your product in numbers","column_heading_size":"h1"}},"columns_w94yCM":{"type":"columns","settings":{"column_title":"7 days","column_content":"Your product in numbers","column_heading_size":"h1"}},"columns_cTLprz":{"type":"columns","settings":{"column_title":"40x","column_content":"Your product in numbers","column_heading_size":"h1"}},"columns_VhbN9x":{"type":"columns","settings":{"column_title":"10 variants","column_content":"Your product in numbers","column_heading_size":"h1"}}},"block_order":["columns_bcnkXX","columns_w94yCM","columns_cTLprz","columns_VhbN9x"],"settings":{"layoyt_type":"column","bg_color":"#0e1467","block_title":"Take advantage of the discounted offer and order your product today!","heading_size":"h1","button_title":"Order yours now","button_bg_color":"#ffffff","sales_text_bold":"","sales_text":""}},"product_description_block_W6YzmV":{"type":"product-description-block","blocks":{"product_description_block_ARXNXw":{"type":"product_description_block","settings":{"block_title":"Create a clear and concise headline that summarizes one of the product's benefits","desc_image":"shopify:\/\/shop_images\/Frame_427320893.jpg","image_width":300,"image_border_radius":0,"block_desc":"Follow it with a compelling subtext that provide additional details and hightlights the product's uniquie features."}}},"block_order":["product_description_block_ARXNXw"],"settings":{}},"product_specifications_block_bABxTi":{"type":"product-specifications-block","blocks":{"product_specifications_B9VHyg":{"type":"product_specifications","settings":{"block_title":"Create a clear and concise headline that summarizes one of the product's benefits","desc_image":"shopify:\/\/shop_images\/Rectangle_97.png","image_width":300,"image_border_radius":0,"background_image":"shopify:\/\/shop_images\/Rectangle_97.png","block_desc":"<ul>\n<li>Other product’s benefits<\/li>\n<li>Other product’s benefits<\/li>\n<li>Other product’s benefits<\/li>\n<li>Other product’s benefits<\/li>\n<\/ul>","image_shadow":"bottom-left","block_allignment":"image-left"}},"product_specifications_NjWFLp":{"type":"product_specifications","settings":{"block_title":"Create a clear and concise headline that summarizes one of the product's benefits","desc_image":"shopify:\/\/shop_images\/Group_341.png","image_width":300,"image_border_radius":0,"block_desc":"<p>Follow it with a compelling subtext that provide additional details and hightlights the product's uniquie features.<\/p>\n<ul>\n<li>Other product’s benefits<\/li>\n<li>Other product’s benefits<\/li>\n<li>Other product’s benefits<\/li>\n<li>Other product’s benefits<\/li>\n<\/ul>","image_shadow":"top-right","block_allignment":"image-right"}}},"block_order":["product_specifications_B9VHyg","product_specifications_NjWFLp"],"settings":{}},"product_promotion_BzVJKr":{"type":"product-promotion","settings":{"layoyt_type":"simple","bg_color":"#0e1467","block_title":"Take advantage of the discounted offer and order your product today!","heading_size":"h1","button_title":"Order yours now","button_bg_color":"#ffffff","sales_text_bold":"79 units","sales_text":"sold in the last 24 hours"}},"1707516783609d70de":{"type":"apps","blocks":{"judge_me_reviews_review_widget_homepage_GCqdft":{"type":"shopify:\/\/apps\/judge-me-reviews\/blocks\/review_widget_homepage\/61ccd3b1-a9f2-4160-9fe9-4fec8413e5d8","settings":{"product":"black-leather-bag"}}},"block_order":["judge_me_reviews_review_widget_homepage_GCqdft"],"settings":{"include_margins":true}},"collapsible_content_KLbh3M":{"type":"collapsible-content","blocks":{"collapsible_row_cpbyHW":{"type":"collapsible_row","settings":{"heading":"What problem does this product solve?","icon":"none","row_content":"<p>Explain how your product works in simple, easy-to-understand language. FAQ area is  a place where you should additionally hype the potential buyer to buy your product.<\/p>","page":""}},"collapsible_row_CcLFBh":{"type":"collapsible_row","settings":{"heading":"What makes this product better than similar ones on the market?","icon":"none","row_content":"<p>Explain how your product works in simple, easy-to-understand language. FAQ area is  a place where you should additionally hype the potential buyer to buy your product.<\/p>","page":""}},"collapsible_row_eT7BAk":{"type":"collapsible_row","settings":{"heading":"How does this product work?","icon":"none","row_content":"<p>Explain how your product works in simple, easy-to-understand language. FAQ area is  a place where you should additionally hype the potential buyer to buy your product.<\/p>","page":""}},"collapsible_row_YjJnrE":{"type":"collapsible_row","settings":{"heading":"How long does it take to see results with this product?","icon":"none","row_content":"<p>Explain how your product works in simple, easy-to-understand language. FAQ area is  a place where you should additionally hype the potential buyer to buy your product.<\/p>","page":""}},"collapsible_row_9EH8EP":{"type":"collapsible_row","settings":{"heading":"Is this product safe to use?","icon":"none","row_content":"<p>Explain how your product works in simple, easy-to-understand language. FAQ area is  a place where you should additionally hype the potential buyer to buy your product.<\/p>","page":""}},"collapsible_row_jiyrTq":{"type":"collapsible_row","settings":{"heading":"What is the return policy for this product?","icon":"none","row_content":"<p>Explain how your product works in simple, easy-to-understand language. FAQ area is  a place where you should additionally hype the potential buyer to buy your product.<\/p>","page":""}},"collapsible_row_AUbinw":{"type":"collapsible_row","settings":{"heading":"How do I use this product?","icon":"none","row_content":"<p>Explain how your product works in simple, easy-to-understand language. FAQ area is  a place where you should additionally hype the potential buyer to buy your product.<\/p>","page":""}},"collapsible_row_L3Yx6z":{"type":"collapsible_row","settings":{"heading":"How can I get the best results with this product?","icon":"none","row_content":"<p>Explain how your product works in simple, easy-to-understand language. FAQ area is  a place where you should additionally hype the potential buyer to buy your product.<\/p>","page":""}}},"block_order":["collapsible_row_cpbyHW","collapsible_row_CcLFBh","collapsible_row_eT7BAk","collapsible_row_YjJnrE","collapsible_row_9EH8EP","collapsible_row_jiyrTq","collapsible_row_AUbinw","collapsible_row_L3Yx6z"],"settings":{"caption":"","heading":"Frequently asked questions","heading_size":"h1","heading_alignment":"center","layout":"row","color_scheme":"inverse","container_color_scheme":"background-1","open_first_collapsible_row":true,"image_ratio":"adapt","desktop_layout":"image_second","padding_top":0,"padding_bottom":0}},"main_product_diUyCW":{"type":"main-product","blocks":{"title_6qtECX":{"type":"title","settings":{}},"judge_me_reviews_preview_badge_homepage_zUrTzd":{"type":"shopify:\/\/apps\/judge-me-reviews\/blocks\/preview_badge_homepage\/61ccd3b1-a9f2-4160-9fe9-4fec8413e5d8","settings":{"product":"black-leather-bag"}},"description_bkyMpP":{"type":"description","settings":{}},"price_qRHtEB":{"type":"price","settings":{}},"variant_picker_BMe4Tw":{"type":"variant_picker","settings":{"picker_type":"button"}},"quantity_selector_7N9Xrw":{"type":"quantity_selector","settings":{}},"inventory_4ETUqL":{"type":"inventory","settings":{"text_style":"body","inventory_threshold":10,"show_inventory_quantity":true}},"buy_buttons_hFRMKB":{"type":"buy_buttons","settings":{"show_dynamic_checkout":true,"show_gift_card_recipient":true}}},"block_order":["title_6qtECX","judge_me_reviews_preview_badge_homepage_zUrTzd","description_bkyMpP","price_qRHtEB","variant_picker_BMe4Tw","quantity_selector_7N9Xrw","inventory_4ETUqL","buy_buttons_hFRMKB"],"settings":{"enable_sticky_info":false,"color_scheme":"","media_size":"small","constrain_to_viewport":false,"media_fit":"cover","gallery_layout":"thumbnail_slider","media_position":"left","image_zoom":"lightbox","mobile_thumbnails":"hide","hide_variants":false,"enable_video_looping":false,"padding_top":36,"padding_bottom":36,"stock_alert":false,"stock_alert_color":"#000000"}},"promotional_offers_iVVnwL":{"type":"promotional-offers","blocks":{"promotion_offers_qJiWGj":{"type":"promotion_offers","settings":{"offer_title":"Free delivery","offer_content":"On all orders over $69","offer_icon":"shopify:\/\/shop_images\/free_delivery.png"}},"promotion_offers_dLP4RF":{"type":"promotion_offers","settings":{"offer_title":"Get 25% Off","offer_content":"If you buy 2 or more","offer_icon":"shopify:\/\/shop_images\/discount.png"}},"promotion_offers_FUtW4C":{"type":"promotion_offers","settings":{"offer_title":"14-day money back","offer_content":"Guarantee on all products","offer_icon":"shopify:\/\/shop_images\/money_back.png"}}},"block_order":["promotion_offers_qJiWGj","promotion_offers_dLP4RF","promotion_offers_FUtW4C"],"settings":{"background_color":"#ffffff","offer_heading_size":"h3","offer_to_show":"3","offer_layout":"offer_layout1"}},"footer_landing_XgAe9c":{"type":"footer-landing","settings":{"color_scheme":"accent-2","newsletter_enable":true,"newsletter_heading":"Subscribe to our emails","enable_follow_on_shop":true,"show_social":true,"enable_country_selector":true,"enable_language_selector":true,"payment_enable":true,"show_policy":false,"margin_top":0,"padding_top":36,"padding_bottom":36,"footer_bottom_background":"#1722ab"}}},"order":["main","header_landing_zMDB4e","announcement_bar_PQcXgz","main_product_TbnDk8","shop_brand_YAd3cf","promotional_offers_WaMHeC","rich_text_WgVtEc","multicolumn_Hyddhr","product_promotion_GxxcPB","product_description_block_W6YzmV","product_specifications_block_bABxTi","product_promotion_BzVJKr","1707516783609d70de","collapsible_content_KLbh3M","main_product_diUyCW","promotional_offers_iVVnwL","footer_landing_XgAe9c"]}