{"sections":{"main":{"type":"main-product","blocks":{"vendor":{"type":"text","disabled":true,"settings":{"text":"{{ product.vendor }}","text_style":"uppercase"}},"title":{"type":"title","settings":{}},"judge_me_reviews_preview_badge_K4rz7R":{"type":"shopify:\/\/apps\/judge-me-reviews\/blocks\/preview_badge\/61ccd3b1-a9f2-4160-9fe9-4fec8413e5d8","settings":{}},"description":{"type":"description","settings":{}},"variant_picker":{"type":"variant_picker","settings":{"picker_type":"button"}},"quantity_selector":{"type":"quantity_selector","settings":{}},"price":{"type":"price","settings":{}},"buy_buttons":{"type":"buy_buttons","settings":{"show_dynamic_checkout":true,"show_gift_card_recipient":true}},"judge_me_reviews_medals_Ch7kpY":{"type":"shopify:\/\/apps\/judge-me-reviews\/blocks\/medals\/61ccd3b1-a9f2-4160-9fe9-4fec8413e5d8","settings":{}}},"block_order":["vendor","title","judge_me_reviews_preview_badge_K4rz7R","description","variant_picker","quantity_selector","price","buy_buttons","judge_me_reviews_medals_Ch7kpY"],"settings":{"enable_sticky_info":false,"color_scheme":"background-1","media_size":"small","constrain_to_viewport":false,"media_fit":"cover","gallery_layout":"thumbnail_slider","media_position":"left","image_zoom":"lightbox","mobile_thumbnails":"hide","hide_variants":true,"enable_video_looping":false,"padding_top":36,"padding_bottom":12,"stock_alert":false,"stock_alert_color":"#000000"}},"product_description_block_rheaGr":{"type":"product-description-block","blocks":{"product_description_block_PiDT8q":{"type":"product_description_block","settings":{"block_title":"Create a clear and concise headline that summarizes one of the product's benefit","desc_image":"shopify:\/\/shop_images\/Frame_427320893.jpg","image_width":300,"image_border_radius":0,"block_desc":"Follow it with a compelling subtext that provides additional details and highlights the product's unique features.\""}}},"block_order":["product_description_block_PiDT8q"],"settings":{}},"product_specifications_block_atyet4":{"type":"product-specifications-block","blocks":{"product_specifications_xG9RRK":{"type":"product_specifications","settings":{"block_title":"Create a clear and concise headline that summarizes one of the product's benefits","desc_image":"shopify:\/\/shop_images\/Frame_427320893_2.png","image_width":300,"image_border_radius":0,"block_desc":"<ul>\n<li>Other product’s benefits<\/li>\n<li>Other product’s benefits<\/li>\n<li>Other product’s benefits<\/li>\n<li>Other product’s benefits<\/li>\n<\/ul>","image_shadow":"bottom-left","block_allignment":"image-left"}},"product_specifications_w3PLUx":{"type":"product_specifications","settings":{"block_title":"Create a clear and concise headline that summarizes one of the product's benefits","desc_image":"shopify:\/\/shop_images\/Frame_427320893_1.png","image_width":300,"image_border_radius":0,"block_desc":"Follow it with a compelling subtext that provide additional details and hightlights the product's uniquie features.","image_shadow":"bottom-right","block_allignment":"image-right"}},"product_specifications_yqFG3B":{"type":"product_specifications","settings":{"block_title":"Create a clear and concise headline that summarizes one of the product's benefits","desc_image":"shopify:\/\/shop_images\/Frame_427320893.png","image_width":300,"image_border_radius":0,"block_desc":"<ul>\n<li>Other product’s benefits<\/li>\n<li>Other product’s benefits<\/li>\n<li>Other product’s benefits<\/li>\n<li>Other product’s benefits<\/li>\n<\/ul>","image_shadow":"top-left","block_allignment":"image-left"}}},"block_order":["product_specifications_xG9RRK","product_specifications_w3PLUx","product_specifications_yqFG3B"],"settings":{}},"product_promotion_PAFjk7":{"type":"product-promotion","settings":{"layoyt_type":"simple","bg_color":"#0e1467","block_title":"Take advantage of the discounted offer and order your product today!","heading_size":"h1","button_title":"Order yours now","button_bg_color":"#ffffff","sales_text_bold":"79 units","sales_text":"sold in the last 24 hours"}},"1707300652edc46458":{"type":"apps","blocks":{"judge_me_reviews_review_widget_gmjYRC":{"type":"shopify:\/\/apps\/judge-me-reviews\/blocks\/review_widget\/61ccd3b1-a9f2-4160-9fe9-4fec8413e5d8","settings":{}},"judge_me_reviews_featured_carousel_QbJ7jB":{"type":"shopify:\/\/apps\/judge-me-reviews\/blocks\/featured_carousel\/61ccd3b1-a9f2-4160-9fe9-4fec8413e5d8","disabled":true,"settings":{"maxwidth":1080}}},"block_order":["judge_me_reviews_review_widget_gmjYRC","judge_me_reviews_featured_carousel_QbJ7jB"],"settings":{"include_margins":true}},"related-products":{"type":"related-products","disabled":true,"settings":{"heading":"You may also like","heading_size":"h2","products_to_show":4,"columns_desktop":4,"color_scheme":"background-1","image_ratio":"square","image_shape":"default","show_secondary_image":true,"show_vendor":false,"show_rating":false,"columns_mobile":"2","padding_top":36,"padding_bottom":28}},"main_product_tWPD4T":{"type":"main-product","blocks":{"title_eewha3":{"type":"title","settings":{}},"judge_me_reviews_preview_badge_tXwUpC":{"type":"shopify:\/\/apps\/judge-me-reviews\/blocks\/preview_badge\/61ccd3b1-a9f2-4160-9fe9-4fec8413e5d8","settings":{}},"description_n4yTFU":{"type":"description","settings":{}},"price_CrBjmQ":{"type":"price","settings":{}},"variant_picker_pmkFet":{"type":"variant_picker","settings":{"picker_type":"button"}},"quantity_selector_UPVnFz":{"type":"quantity_selector","settings":{}},"buy_buttons_TDHt7m":{"type":"buy_buttons","settings":{"show_dynamic_checkout":true,"show_gift_card_recipient":true}}},"block_order":["title_eewha3","judge_me_reviews_preview_badge_tXwUpC","description_n4yTFU","price_CrBjmQ","variant_picker_pmkFet","quantity_selector_UPVnFz","buy_buttons_TDHt7m"],"settings":{"enable_sticky_info":false,"color_scheme":"","media_size":"small","constrain_to_viewport":false,"media_fit":"contain","gallery_layout":"thumbnail_slider","media_position":"left","image_zoom":"lightbox","mobile_thumbnails":"hide","hide_variants":false,"enable_video_looping":false,"padding_top":36,"padding_bottom":36,"stock_alert":false,"stock_alert_color":"#000000"}},"promotional_offers_E44pBr":{"type":"promotional-offers","blocks":{"promotion_offers_HjENhM":{"type":"promotion_offers","settings":{"offer_title":"Free delivery","offer_content":"On all orders over $69","offer_icon":"shopify:\/\/shop_images\/free_delivery.png"}},"promotion_offers_QzKRWQ":{"type":"promotion_offers","settings":{"offer_title":"Get 25% Off","offer_content":"If you buy 2 or more","offer_icon":"shopify:\/\/shop_images\/discount.png"}},"promotion_offers_cXt88g":{"type":"promotion_offers","settings":{"offer_title":"14-day money back","offer_content":"Guarantee on all products","offer_icon":"shopify:\/\/shop_images\/money_back.png"}}},"block_order":["promotion_offers_HjENhM","promotion_offers_QzKRWQ","promotion_offers_cXt88g"],"settings":{"background_color":"#ffffff","offer_heading_size":"h3","offer_to_show":"3","offer_layout":"offer_layout1"}}},"order":["main","product_description_block_rheaGr","product_specifications_block_atyet4","product_promotion_PAFjk7","1707300652edc46458","related-products","main_product_tWPD4T","promotional_offers_E44pBr"]}